{
  "config": {
    "ignore_stop_words": true,
    "max_pattern_length": 1000,
    "max_queries": 500,
    "unit_name": "deterministic_intent_parser"
  },
  "group_names_to_slot_names": {
    "group0": "slot_command",
    "group1": "slot_thing",
    "group2": "slot_type"
  },
  "language_code": "en",
  "patterns": {
    "andrenatal:intents_wot": [
      "^\\s*change\\s*color\\s*of\\s*balcony\\s*blue\\s*$",
      "^\\s*(?P<group0>%COMMAND%)\\s*(?P<group1>%THING%)\\s*(?P<group2>%TYPE%)\\s*$",
      "^\\s*(?P<group0>%COMMAND%)\\s*balcony\\s*$",
      "^\\s*(?P<group0>%COMMAND%)\\s*(?P<group2>%TYPE%)\\s*(?P<group1>%THING%)\\s*lights\\s*$",
      "^\\s*(?P<group0>%COMMAND%)\\s*(?P<group2>%TYPE%)\\s*(?P<group1>%THING%)\\s*$",
      "^\\s*could\\s*(?P<group0>%COMMAND%)\\s*(?P<group2>%TYPE%)\\s*(?P<group1>%THING%)\\s*$"
    ]
  },
  "slot_names_to_entities": {
    "andrenatal:intents_wot": {
      "slot_command": "command",
      "slot_thing": "thing",
      "slot_type": "type"
    }
  },
  "stop_words_whitelist": {}
}