{
  "id" : "proj_rV9q4DyKDOx8",
  "name" : "wot",
  "intents" : [ {
    "id" : "andrenatal:intents_wot",
    "type" : "registry",
    "version" : "0.31.0",
    "language" : "en",
    "slots" : [ {
      "name" : "slot_command",
      "id" : "ByUqO56NQ",
      "entityId" : "entity_BlAwv891ZrKo",
      "missingQuestion" : "turn on or off?",
      "required" : false
    }, {
      "name" : "slot_type",
      "id" : "jy1091ELB",
      "entityId" : "entity_agw0Gg78aMok",
      "missingQuestion" : "",
      "required" : false
    }, {
      "name" : "slot_thing",
      "id" : "G3-foYJ0x",
      "entityId" : "entity_rV8WWo5Qev4q",
      "missingQuestion" : "",
      "required" : false
    } ],
    "name" : "intents_wot",
    "enabledByDefault" : true
  } ],
  "createdAt" : "2018-07-31T08:04:52.362Z",
  "language" : "en",
  "version" : {
    "nluModel" : "0.19.0"
  },
  "platform" : {
    "type" : "raspberrypi"
  },
  "asr" : {
    "type" : "snips"
  },
  "analyticsEnabled" : true,
  "heartbeatEnabled" : true,
  "hotword" : "personal_hotword"
}