{
    "thing": {
        "vanilla": "106d14a3-86d6-4bb4-9f92-3288eca6bc7c.vanilla", 
        "ngram": true, 
        "added": "106d14a3-86d6-4bb4-9f92-3288eca6bc7c.added", 
        "pruningThresholds": [], 
        "order": 3
    }, 
    "type": {
        "vanilla": "160ef594-7542-4ce9-9b7a-f70ec54126ca.vanilla", 
        "ngram": true, 
        "added": "160ef594-7542-4ce9-9b7a-f70ec54126ca.added", 
        "pruningThresholds": [], 
        "order": 3
    }, 
    "command": {
        "vanilla": "225e38a3-80b4-4da6-b9a6-eff17c1f9c9b.vanilla", 
        "ngram": true, 
        "added": "225e38a3-80b4-4da6-b9a6-eff17c1f9c9b.added", 
        "pruningThresholds": [], 
        "order": 3
    }
}