{
  "coeffs": [
    [
      -0.044566360939644833,
      -0.3844334490011699,
      -0.30998999927209575,
      -2.254638511551766,
      -0.8451314975594758,
      -0.16215706119084872,
      -0.7495119037346247,
      -0.687303871121155,
      -0.889087815193459,
      -0.7495119037346247,
      -0.3223023370360177,
      -0.14874371936468064,
      -0.9547632302490381,
      -0.1771526756741546,
      -1.8404844483210454,
      -3.1452754616316456,
      -2.7713204534464406,
      -0.5956255280221213,
      -0.08487419670731786,
      -0.5609754661989418,
      -0.445984959198155,
      -0.445984959198155,
      -0.3844334490011699,
      -1.0754806206058667,
      -0.2231038555013313,
      -0.14874371936468064,
      -0.20409950418964648,
      -0.30715716122772807,
      1.2932842262247408,
      -1.859348214705154,
      -0.8068345265911774,
      -1.0754806206058667,
      -0.039769080945838337,
      -0.4166353927537262,
      -0.5609754661989418,
      -0.6430403518122675,
      -0.445984959198155,
      -0.23774256931478469,
      -0.18460279035281904,
      0.02714492874894688,
      -0.27075221480819045,
      3.3898853041590877,
      -0.30715716122772807
    ]
  ],
  "config": {
    "data_augmentation_config": {
      "add_builtin_entities_examples": false,
      "max_unknown_words": 5,
      "min_utterances": 20,
      "noise_factor": 5,
      "unknown_word_prob": 0.5,
      "unknown_words_replacement_string": "unknownword"
    },
    "featurizer_config": {
      "added_cooccurrence_feature_ratio": 0,
      "cooccurrence_vectorizer_config": {
        "filter_stop_words": true,
        "keep_order": true,
        "unit_name": "cooccurrence_vectorizer",
        "unknown_words_replacement_string": "unknownword",
        "window_size": 5
      },
      "pvalue_threshold": 0.4,
      "tfidf_vectorizer_config": {
        "unit_name": "tfidf_vectorizer",
        "use_stemming": false,
        "word_clusters_name": null
      },
      "unit_name": "featurizer"
    },
    "random_seed": null,
    "unit_name": "log_reg_intent_classifier"
  },
  "featurizer": "featurizer",
  "intent_list": [
    "andrenatal:intents_wot",
    null
  ],
  "intercept": [
    -0.07407093251301453
  ],
  "t_": 601.0
}